<?xml version="1.0" encoding="UTF-8"?>
<gmd:MD_Metadata xmlns:gmd="http://www.isotc211.org/2005/gmd"
                 xmlns:srv="http://www.isotc211.org/2005/srv"
                 xmlns:gfc="http://www.isotc211.org/2005/gfc"
                 xmlns:napec="http://www.ec.gc.ca/data_donnees/standards/schemas/napec"
                 xmlns:gts="http://www.isotc211.org/2005/gts"
                 xmlns:gmx="http://www.isotc211.org/2005/gmx"
                 xmlns:gml="http://www.opengis.net/gml"
                 xmlns:gmi="http://www.isotc211.org/2005/gmi"
                 xmlns:napm="http://www.geoconnections.org/nap/napMetadataTools/napXsd/napm"
                 xmlns:geonet="http://www.fao.org/geonetwork"
                 xmlns:xsi="http://www.w3.org/2001/XMLSchema-instance"
                 xsi:schemaLocation="http://www.ec.gc.ca/data_donnees/standards/schemas/napec schema.xsd">
  <gmd:fileIdentifier xmlns:gco="http://www.isotc211.org/2005/gco"
                       xmlns:xlink="http://www.w3.org/1999/xlink">
      <gco:CharacterString>23c844ab-06ac-483f-b53b-cfc23cafcb63</gco:CharacterString>
  </gmd:fileIdentifier>
  <gmd:language>
      <gco:CharacterString xmlns:gco="http://www.isotc211.org/2005/gco">eng; CAN</gco:CharacterString>
  </gmd:language>
  <gmd:characterSet xmlns:gco="http://www.isotc211.org/2005/gco"
                     xmlns:xlink="http://www.w3.org/1999/xlink">
      <gmd:MD_CharacterSetCode codeList="http://www.geoconnections.org/developersCorner/nap/metadata/register/registerItemClasses.html#IC_95"
                               codeListValue="utf8"/>
  </gmd:characterSet>
  <gmd:hierarchyLevel>
      <gmd:MD_ScopeCode codeList="http://standards.iso.org/ittf/PubliclyAvailableStandards/ISO_19139_Schemas/resources/Codelist/ML_gmxCodelists.xml#MD_ScopeCode"
                        codeListValue="dataset"/>
  </gmd:hierarchyLevel>
  <gmd:contact>
      <gmd:CI_ResponsibleParty>
         <gmd:individualName xmlns:gco="http://www.isotc211.org/2005/gco" gco:nilReason="missing">
            <gco:CharacterString/>
         </gmd:individualName>
         <gmd:organisationName xmlns:gco="http://www.isotc211.org/2005/gco" gco:nilReason="missing">
            <gco:CharacterString/>
         </gmd:organisationName>
         <gmd:positionName xmlns:gco="http://www.isotc211.org/2005/gco" gco:nilReason="missing">
            <gco:CharacterString/>
         </gmd:positionName>
         <gmd:contactInfo>
            <gmd:CI_Contact>
               <gmd:phone>
                  <gmd:CI_Telephone>
                     <gmd:voice xmlns:gco="http://www.isotc211.org/2005/gco" gco:nilReason="missing">
                        <gco:CharacterString/>
                     </gmd:voice>
                     <gmd:facsimile xmlns:gco="http://www.isotc211.org/2005/gco" gco:nilReason="missing">
                        <gco:CharacterString/>
                     </gmd:facsimile>
                  </gmd:CI_Telephone>
               </gmd:phone>
               <gmd:address>
                  <gmd:CI_Address>
                     <gmd:deliveryPoint xmlns:gco="http://www.isotc211.org/2005/gco" gco:nilReason="missing">
                        <gco:CharacterString/>
                     </gmd:deliveryPoint>
                     <gmd:city xmlns:gco="http://www.isotc211.org/2005/gco" gco:nilReason="missing">
                        <gco:CharacterString/>
                     </gmd:city>
                     <gmd:administrativeArea xmlns:gco="http://www.isotc211.org/2005/gco" gco:nilReason="missing">
                        <gco:CharacterString/>
                     </gmd:administrativeArea>
                     <gmd:postalCode xmlns:gco="http://www.isotc211.org/2005/gco" gco:nilReason="missing">
                        <gco:CharacterString/>
                     </gmd:postalCode>
                     <gmd:country xmlns:gco="http://www.isotc211.org/2005/gco" gco:nilReason="missing">
                        <gco:CharacterString/>
                     </gmd:country>
                     <gmd:electronicMailAddress xmlns:gco="http://www.isotc211.org/2005/gco" gco:nilReason="missing">
                        <gco:CharacterString/>
                     </gmd:electronicMailAddress>
                  </gmd:CI_Address>
               </gmd:address>
            </gmd:CI_Contact>
         </gmd:contactInfo>
         <gmd:role>
            <gmd:CI_RoleCode codeList="http://standards.iso.org/ittf/PubliclyAvailableStandards/ISO_19139_Schemas/resources/Codelist/ML_gmxCodelists.xml#CI_RoleCode"
                             codeListValue=""/>
         </gmd:role>
      </gmd:CI_ResponsibleParty>
  </gmd:contact>
  <gmd:dateStamp>
      <gco:DateTime xmlns:gco="http://www.isotc211.org/2005/gco"
                    xmlns:xlink="http://www.w3.org/1999/xlink">2014-02-14T14:41:23</gco:DateTime>
  </gmd:dateStamp>
  <gmd:metadataStandardName>
      <gco:CharacterString xmlns:gco="http://www.isotc211.org/2005/gco">North American Profile of ISO 19115 Geographic Information Metadata</gco:CharacterString>
  </gmd:metadataStandardName>
  <gmd:metadataStandardVersion>
      <gco:CharacterString xmlns:gco="http://www.isotc211.org/2005/gco">Enviroment Canada - Version 1</gco:CharacterString>
  </gmd:metadataStandardVersion>
  <gmd:dataSetURI xmlns:gco="http://www.isotc211.org/2005/gco" gco:nilReason="missing">
      <gco:CharacterString/>
  </gmd:dataSetURI>
  <gmd:locale>
      <gmd:PT_Locale id="FRE">
         <gmd:languageCode>
            <gmd:LanguageCode codeList="#LanguageCode" codeListValue="fre">French</gmd:LanguageCode>
         </gmd:languageCode>
         <gmd:country>
            <gmd:Country codeList="#Country" codeListValue="CAN">Canada</gmd:Country>
         </gmd:country>
         <gmd:characterEncoding>
            <gmd:MD_CharacterSetCode codeList="http://www.geoconnections.org/developersCorner/nap/metadata/register/registerItemClasses.html#IC_95"
                                     codeListValue="utf8">utf8</gmd:MD_CharacterSetCode>
         </gmd:characterEncoding>
      </gmd:PT_Locale>
  </gmd:locale>
  <gmd:identificationInfo>
      <napec:MD_DataIdentification xmlns:gco="http://www.isotc211.org/2005/gco"
                                   gco:isoType="gmd:MD_DataIdentification">
         <gmd:citation>
            <gmd:CI_Citation>
               <gmd:title xsi:type="gmd:PT_FreeText_PropertyType">
                  <gco:CharacterString>Jose - Data resources 2</gco:CharacterString>
                  <gmd:PT_FreeText>
                     <gmd:textGroup>
                        <gmd:LocalisedCharacterString locale="#FRE">Dataset Metadata - ISO 19115 NAP (Default)</gmd:LocalisedCharacterString>
                     </gmd:textGroup>
                  </gmd:PT_FreeText>
               </gmd:title>
               <gmd:date>
                  <gmd:CI_Date>
                     <gmd:date>
                        <gco:Date>2012-05-18</gco:Date>
                     </gmd:date>
                     <gmd:dateType>
                        <gmd:CI_DateTypeCode codeList="http://standards.iso.org/ittf/PubliclyAvailableStandards/ISO_19139_Schemas/resources/Codelist/ML_gmxCodelists.xml#CI_DateTypeCode"
                                             codeListValue=""/>
                     </gmd:dateType>
                  </gmd:CI_Date>
               </gmd:date>
               <gmd:citedResponsibleParty>
                  <gmd:CI_ResponsibleParty>
                     <gmd:individualName gco:nilReason="missing">
                        <gco:CharacterString/>
                     </gmd:individualName>
                     <gmd:organisationName gco:nilReason="missing">
                        <gco:CharacterString/>
                     </gmd:organisationName>
                     <gmd:positionName gco:nilReason="missing">
                        <gco:CharacterString/>
                     </gmd:positionName>
                     <gmd:contactInfo>
                        <gmd:CI_Contact>
                           <gmd:phone>
                              <gmd:CI_Telephone>
                                 <gmd:voice gco:nilReason="missing">
                                    <gco:CharacterString/>
                                 </gmd:voice>
                                 <gmd:facsimile gco:nilReason="missing">
                                    <gco:CharacterString/>
                                 </gmd:facsimile>
                              </gmd:CI_Telephone>
                           </gmd:phone>
                           <gmd:address>
                              <gmd:CI_Address>
                                 <gmd:deliveryPoint gco:nilReason="missing">
                                    <gco:CharacterString/>
                                 </gmd:deliveryPoint>
                                 <gmd:city gco:nilReason="missing">
                                    <gco:CharacterString/>
                                 </gmd:city>
                                 <gmd:administrativeArea gco:nilReason="missing">
                                    <gco:CharacterString/>
                                 </gmd:administrativeArea>
                                 <gmd:postalCode gco:nilReason="missing">
                                    <gco:CharacterString/>
                                 </gmd:postalCode>
                                 <gmd:country gco:nilReason="missing">
                                    <gco:CharacterString/>
                                 </gmd:country>
                                 <gmd:electronicMailAddress gco:nilReason="missing">
                                    <gco:CharacterString/>
                                 </gmd:electronicMailAddress>
                              </gmd:CI_Address>
                           </gmd:address>
                        </gmd:CI_Contact>
                     </gmd:contactInfo>
                     <gmd:role>
                        <gmd:CI_RoleCode codeList="http://standards.iso.org/ittf/PubliclyAvailableStandards/ISO_19139_Schemas/resources/Codelist/ML_gmxCodelists.xml#CI_RoleCode"
                                         codeListValue=""/>
                     </gmd:role>
                  </gmd:CI_ResponsibleParty>
               </gmd:citedResponsibleParty>
            </gmd:CI_Citation>
         </gmd:citation>
         <gmd:abstract xsi:type="gmd:PT_FreeText_PropertyType" gco:nilReason="missing">
            <gco:CharacterString/>
            <gmd:PT_FreeText>
               <gmd:textGroup>
                  <gmd:LocalisedCharacterString locale="#FRE"/>
               </gmd:textGroup>
            </gmd:PT_FreeText>
         </gmd:abstract>
         <gmd:status>
            <gmd:MD_ProgressCode codeList="http://standards.iso.org/ittf/PubliclyAvailableStandards/ISO_19139_Schemas/resources/Codelist/ML_gmxCodelists.xml#MD_ProgressCode"
                                 codeListValue=""/>
         </gmd:status>
         <gmd:pointOfContact>
            <gmd:CI_ResponsibleParty>
               <gmd:individualName gco:nilReason="missing">
                  <gco:CharacterString/>
               </gmd:individualName>
               <gmd:organisationName gco:nilReason="missing">
                  <gco:CharacterString/>
               </gmd:organisationName>
               <gmd:positionName gco:nilReason="missing">
                  <gco:CharacterString/>
               </gmd:positionName>
               <gmd:contactInfo>
                  <gmd:CI_Contact>
                     <gmd:phone>
                        <gmd:CI_Telephone>
                           <gmd:voice gco:nilReason="missing">
                              <gco:CharacterString/>
                           </gmd:voice>
                           <gmd:facsimile gco:nilReason="missing">
                              <gco:CharacterString/>
                           </gmd:facsimile>
                        </gmd:CI_Telephone>
                     </gmd:phone>
                     <gmd:address>
                        <gmd:CI_Address>
                           <gmd:deliveryPoint gco:nilReason="missing">
                              <gco:CharacterString/>
                           </gmd:deliveryPoint>
                           <gmd:city gco:nilReason="missing">
                              <gco:CharacterString/>
                           </gmd:city>
                           <gmd:administrativeArea gco:nilReason="missing">
                              <gco:CharacterString/>
                           </gmd:administrativeArea>
                           <gmd:postalCode gco:nilReason="missing">
                              <gco:CharacterString/>
                           </gmd:postalCode>
                           <gmd:country>
                              <gco:CharacterString>CAN (Canada)</gco:CharacterString>
                           </gmd:country>
                           <gmd:electronicMailAddress gco:nilReason="missing">
                              <gco:CharacterString/>
                           </gmd:electronicMailAddress>
                        </gmd:CI_Address>
                     </gmd:address>
                     <gmd:onlineResource>
                        <gmd:CI_OnlineResource>
                           <gmd:linkage gco:nilReason="missing">
                              <gmd:URL/>
                           </gmd:linkage>
                           <gmd:protocol gco:nilReason="missing">
                              <gco:CharacterString/>
                           </gmd:protocol>
                        </gmd:CI_OnlineResource>
                     </gmd:onlineResource>
                     <gmd:hoursOfService gco:nilReason="missing">
                        <gco:CharacterString/>
                     </gmd:hoursOfService>
                  </gmd:CI_Contact>
               </gmd:contactInfo>
               <gmd:role>
                  <gmd:CI_RoleCode codeList="http://standards.iso.org/ittf/PubliclyAvailableStandards/ISO_19139_Schemas/resources/Codelist/ML_gmxCodelists.xml#CI_RoleCode"
                                   codeListValue="pointOfContact"/>
               </gmd:role>
            </gmd:CI_ResponsibleParty>
         </gmd:pointOfContact>
         <gmd:resourceMaintenance>
            <gmd:MD_MaintenanceInformation>
               <gmd:maintenanceAndUpdateFrequency>
                  <gmd:MD_MaintenanceFrequencyCode codeList="http://standards.iso.org/ittf/PubliclyAvailableStandards/ISO_19139_Schemas/resources/Codelist/ML_gmxCodelists.xml#MD_MaintenanceFrequencyCode"
                                                   codeListValue=""/>
               </gmd:maintenanceAndUpdateFrequency>
            </gmd:MD_MaintenanceInformation>
         </gmd:resourceMaintenance>
         <gmd:descriptiveKeywords>
            <gmd:MD_Keywords>
               <gmd:keyword xsi:type="gmd:PT_FreeText_PropertyType" gco:nilReason="missing">
                  <gco:CharacterString/>
                  <gmd:PT_FreeText>
                     <gmd:textGroup>
                        <gmd:LocalisedCharacterString locale="#FRE"/>
                     </gmd:textGroup>
                  </gmd:PT_FreeText>
               </gmd:keyword>
               <gmd:type>
                  <gmd:MD_KeywordTypeCode codeList="http://standards.iso.org/ittf/PubliclyAvailableStandards/ISO_19139_Schemas/resources/Codelist/ML_gmxCodelists.xml#MD_KeywordTypeCode"
                                          codeListValue="theme"/>
               </gmd:type>
               <gmd:thesaurusName>
                  <gmd:CI_Citation>
                     <gmd:title gco:nilReason="missing">
                        <gco:CharacterString/>
                     </gmd:title>
                     <gmd:date>
                        <gmd:CI_Date>
                           <gmd:date>
                              <gco:Date/>
                           </gmd:date>
                           <gmd:dateType>
                              <gmd:CI_DateTypeCode codeList="http://standards.iso.org/ittf/PubliclyAvailableStandards/ISO_19139_Schemas/resources/Codelist/ML_gmxCodelists.xml#CI_DateTypeCode"
                                                   codeListValue="publication"/>
                           </gmd:dateType>
                        </gmd:CI_Date>
                     </gmd:date>
                     <gmd:citedResponsibleParty/>
                  </gmd:CI_Citation>
               </gmd:thesaurusName>
            </gmd:MD_Keywords>
         </gmd:descriptiveKeywords>
         <gmd:descriptiveKeywords>
            <gmd:MD_Keywords>
               <gmd:keyword xmlns:xlink="http://www.w3.org/1999/xlink"
                            xsi:type="gmd:PT_FreeText_PropertyType">
                  <gco:CharacterString/>
                  <gmd:PT_FreeText>
                     <gmd:textGroup>
                        <gmd:LocalisedCharacterString locale="#FRE"/>
                     </gmd:textGroup>
                  </gmd:PT_FreeText>
               </gmd:keyword>
               <gmd:type>
                  <gmd:MD_KeywordTypeCode codeList="http://standards.iso.org/ittf/PubliclyAvailableStandards/ISO_19139_Schemas/resources/Codelist/ML_gmxCodelists.xml#MD_KeywordTypeCode"
                                          codeListValue="theme"/>
               </gmd:type>
               <gmd:thesaurusName>
                  <gmd:CI_Citation id="local.theme.EC_Data_Usage_Scope">
                     <gmd:title>
                        <gco:CharacterString>local.theme.EC_Data_Usage_Scope</gco:CharacterString>
                     </gmd:title>
                     <gmd:date>
                        <gmd:CI_Date>
                           <gmd:date>
                              <gco:Date>2012-05-25</gco:Date>
                           </gmd:date>
                           <gmd:dateType>
                              <gmd:CI_DateTypeCode codeList="http://standards.iso.org/ittf/PubliclyAvailableStandards/ISO_19139_Schemas/resources/Codelist/ML_gmxCodelists.xml#CI_DateTypeCode"
                                                   codeListValue="publication"/>
                           </gmd:dateType>
                        </gmd:CI_Date>
                     </gmd:date>
                     <gmd:citedResponsibleParty/>
                  </gmd:CI_Citation>
               </gmd:thesaurusName>
            </gmd:MD_Keywords>
         </gmd:descriptiveKeywords>
         <gmd:descriptiveKeywords>
            <gmd:MD_Keywords>
               <gmd:keyword xmlns:xlink="http://www.w3.org/1999/xlink"
                            xsi:type="gmd:PT_FreeText_PropertyType">
                  <gco:CharacterString/>
                  <gmd:PT_FreeText>
                     <gmd:textGroup>
                        <gmd:LocalisedCharacterString locale="#FRE"/>
                     </gmd:textGroup>
                  </gmd:PT_FreeText>
               </gmd:keyword>
               <gmd:type>
                  <gmd:MD_KeywordTypeCode codeList="http://standards.iso.org/ittf/PubliclyAvailableStandards/ISO_19139_Schemas/resources/Codelist/ML_gmxCodelists.xml#MD_KeywordTypeCode"
                                          codeListValue="theme"/>
               </gmd:type>
               <gmd:thesaurusName>
                  <gmd:CI_Citation id="local.theme.EC_Information_Category">
                     <gmd:title>
                        <gco:CharacterString>local.theme.EC_Information_Category</gco:CharacterString>
                     </gmd:title>
                     <gmd:date>
                        <gmd:CI_Date>
                           <gmd:date>
                              <gco:Date>2012-05-25</gco:Date>
                           </gmd:date>
                           <gmd:dateType>
                              <gmd:CI_DateTypeCode codeList="http://standards.iso.org/ittf/PubliclyAvailableStandards/ISO_19139_Schemas/resources/Codelist/ML_gmxCodelists.xml#CI_DateTypeCode"
                                                   codeListValue="publication"/>
                           </gmd:dateType>
                        </gmd:CI_Date>
                     </gmd:date>
                     <gmd:citedResponsibleParty/>
                  </gmd:CI_Citation>
               </gmd:thesaurusName>
            </gmd:MD_Keywords>
         </gmd:descriptiveKeywords>
         <gmd:descriptiveKeywords>
            <gmd:MD_Keywords>
               <gmd:keyword xmlns:xlink="http://www.w3.org/1999/xlink"
                            xsi:type="gmd:PT_FreeText_PropertyType">
                  <gco:CharacterString/>
                  <gmd:PT_FreeText>
                     <gmd:textGroup>
                        <gmd:LocalisedCharacterString locale="#FRE"/>
                     </gmd:textGroup>
                  </gmd:PT_FreeText>
               </gmd:keyword>
               <gmd:type>
                  <gmd:MD_KeywordTypeCode codeList="http://standards.iso.org/ittf/PubliclyAvailableStandards/ISO_19139_Schemas/resources/Codelist/ML_gmxCodelists.xml#MD_KeywordTypeCode"
                                          codeListValue="place"/>
               </gmd:type>
               <gmd:thesaurusName>
                  <gmd:CI_Citation id="local.place.EC_Geographic_Scope">
                     <gmd:title>
                        <gco:CharacterString>local.place.EC_Geographic_Scope</gco:CharacterString>
                     </gmd:title>
                     <gmd:date>
                        <gmd:CI_Date>
                           <gmd:date>
                              <gco:Date>2012-05-25</gco:Date>
                           </gmd:date>
                           <gmd:dateType>
                              <gmd:CI_DateTypeCode codeList="http://standards.iso.org/ittf/PubliclyAvailableStandards/ISO_19139_Schemas/resources/Codelist/ML_gmxCodelists.xml#CI_DateTypeCode"
                                                   codeListValue="publication"/>
                           </gmd:dateType>
                        </gmd:CI_Date>
                     </gmd:date>
                     <gmd:citedResponsibleParty/>
                  </gmd:CI_Citation>
               </gmd:thesaurusName>
            </gmd:MD_Keywords>
         </gmd:descriptiveKeywords>
         <gmd:descriptiveKeywords>
            <gmd:MD_Keywords>
               <gmd:keyword xmlns:xlink="http://www.w3.org/1999/xlink"
                            xsi:type="gmd:PT_FreeText_PropertyType">
                  <gco:CharacterString/>
                  <gmd:PT_FreeText>
                     <gmd:textGroup>
                        <gmd:LocalisedCharacterString locale="#FRE"/>
                     </gmd:textGroup>
                  </gmd:PT_FreeText>
               </gmd:keyword>
               <gmd:type>
                  <gmd:MD_KeywordTypeCode codeList="http://standards.iso.org/ittf/PubliclyAvailableStandards/ISO_19139_Schemas/resources/Codelist/ML_gmxCodelists.xml#MD_KeywordTypeCode"
                                          codeListValue="theme"/>
               </gmd:type>
               <gmd:thesaurusName>
                  <gmd:CI_Citation id="local.theme.EC_Content_Scope">
                     <gmd:title>
                        <gco:CharacterString>local.theme.EC_Content_Scope</gco:CharacterString>
                     </gmd:title>
                     <gmd:date>
                        <gmd:CI_Date>
                           <gmd:date>
                              <gco:Date>2012-05-25</gco:Date>
                           </gmd:date>
                           <gmd:dateType>
                              <gmd:CI_DateTypeCode codeList="http://standards.iso.org/ittf/PubliclyAvailableStandards/ISO_19139_Schemas/resources/Codelist/ML_gmxCodelists.xml#CI_DateTypeCode"
                                                   codeListValue="publication"/>
                           </gmd:dateType>
                        </gmd:CI_Date>
                     </gmd:date>
                     <gmd:citedResponsibleParty/>
                  </gmd:CI_Citation>
               </gmd:thesaurusName>
            </gmd:MD_Keywords>
         </gmd:descriptiveKeywords>
         <gmd:resourceConstraints>
            <gmd:MD_LegalConstraints>
               <gmd:accessConstraints>
                  <gmd:MD_RestrictionCode codeList="http://standards.iso.org/ittf/PubliclyAvailableStandards/ISO_19139_Schemas/resources/Codelist/ML_gmxCodelists.xml#MD_RestrictionCode"
                                          codeListValue="license"
                                          codeSpace="ISOTC211/19115"/>
               </gmd:accessConstraints>
               <gmd:useConstraints>
                  <gmd:MD_RestrictionCode codeList="http://standards.iso.org/ittf/PubliclyAvailableStandards/ISO_19139_Schemas/resources/Codelist/ML_gmxCodelists.xml#MD_RestrictionCode"
                                          codeListValue="license"
                                          codeSpace="ISOTC211/19115"/>
               </gmd:useConstraints>
               <gmd:otherConstraints xsi:type="gmd:PT_FreeText_PropertyType">
                  <gco:CharacterString>Open Government Licence - Canada - http://data.gc.ca/eng/open-government-licence-canada</gco:CharacterString>
                  <gmd:PT_FreeText>
                     <gmd:textGroup>
                        <gmd:LocalisedCharacterString locale="#FRE">Licence du gouvernement ouvert – Canada - http://data.gc.ca/fra/licence-du-gouvernement-ouvert-canada</gmd:LocalisedCharacterString>
                     </gmd:textGroup>
                  </gmd:PT_FreeText>
               </gmd:otherConstraints>
            </gmd:MD_LegalConstraints>
         </gmd:resourceConstraints>
         <gmd:language>
            <gco:CharacterString>eng; CAN</gco:CharacterString>
         </gmd:language>
         <gmd:characterSet>
            <gmd:MD_CharacterSetCode codeList="http://standards.iso.org/ittf/PubliclyAvailableStandards/ISO_19139_Schemas/resources/Codelist/ML_gmxCodelists.xml#MD_CharacterSetCode"
                                     codeListValue="utf8"/>
         </gmd:characterSet>
         <gmd:topicCategory gco:nilReason="missing">
            <gmd:MD_TopicCategoryCode/>
         </gmd:topicCategory>
         <gmd:environmentDescription gco:nilReason="missing">
            <gco:CharacterString/>
         </gmd:environmentDescription>
         <gmd:extent>
            <gmd:EX_Extent>
               <gmd:temporalElement>
                  <gmd:EX_TemporalExtent>
                     <gmd:extent>
                        <gml:TimePeriod gml:id="timeperiod1">
                           <gml:beginPosition/>
                           <gml:endPosition/>
                        </gml:TimePeriod>
                     </gmd:extent>
                  </gmd:EX_TemporalExtent>
               </gmd:temporalElement>
            </gmd:EX_Extent>
         </gmd:extent>
         <gmd:extent>
            <gmd:EX_Extent>
               <gmd:geographicElement>
                  <gmd:EX_GeographicBoundingBox>
                     <gmd:westBoundLongitude>
                        <gco:Decimal>-141.003</gco:Decimal>
                     </gmd:westBoundLongitude>
                     <gmd:eastBoundLongitude>
                        <gco:Decimal>-52.6174</gco:Decimal>
                     </gmd:eastBoundLongitude>
                     <gmd:southBoundLatitude>
                        <gco:Decimal>41.6755</gco:Decimal>
                     </gmd:southBoundLatitude>
                     <gmd:northBoundLatitude>
                        <gco:Decimal>83.1139</gco:Decimal>
                     </gmd:northBoundLatitude>
                  </gmd:EX_GeographicBoundingBox>
               </gmd:geographicElement>
            </gmd:EX_Extent>
         </gmd:extent>
         <gmd:supplementalInformation gco:nilReason="missing">
            <gco:CharacterString/>
         </gmd:supplementalInformation>
         <napec:EC_CorporateInfo>
            <napec:EC_Branch>
               <napec:EC_Branch_TypeCode codeListValue=""
                                         codeList="http://www.ec.gc.ca/data_donnees/standards/schemas/napec#EC_Branch"/>
            </napec:EC_Branch>
            <napec:EC_Directorate>
               <napec:EC_Directorate_TypeCode codeListValue=""
                                              codeList="http://www.ec.gc.ca/data_donnees/standards/schemas/napec#EC_Directorate"/>
            </napec:EC_Directorate>
            <napec:EC_Project xsi:type="gmd:PT_FreeText_PropertyType" gco:nilReason="missing">
               <gco:CharacterString/>
               <gmd:PT_FreeText>
                  <gmd:textGroup>
                     <gmd:LocalisedCharacterString locale="#FRE"/>
                  </gmd:textGroup>
               </gmd:PT_FreeText>
            </napec:EC_Project>
            <napec:GC_Security_Classification>
               <napec:GC_Security_Classification_TypeCode codeListValue=""
                                                          codeList="http://www.ec.gc.ca/data_donnees/standards/schemas/napec#GC_Security_Classification"/>
            </napec:GC_Security_Classification>
            <napec:EC_Program>
               <napec:EC_Program_TypeCode codeListValue=""
                                          codeList="http://www.ec.gc.ca/data_donnees/standards/schemas/napec#EC_Program"/>
            </napec:EC_Program>
         </napec:EC_CorporateInfo>
      </napec:MD_DataIdentification>
  </gmd:identificationInfo>
  <gmd:distributionInfo>
      <gmd:MD_Distribution>
         <gmd:distributionFormat>
            <gmd:MD_Format>
               <gmd:name>
                  <gco:CharacterString xmlns:gco="http://www.isotc211.org/2005/gco">xls</gco:CharacterString>
               </gmd:name>
               <gmd:version>
                  <gco:CharacterString xmlns:gco="http://www.isotc211.org/2005/gco">1.3(Acrobat 4.x), SAS 9.2 (data extracted from the NAtChem database)</gco:CharacterString>
               </gmd:version>
            </gmd:MD_Format>
         </gmd:distributionFormat>
         <gmd:distributor>
            <gmd:MD_Distributor>
               <gmd:distributorContact xmlns:xlink="http://www.w3.org/1999/xlink" xlink:href="#contact"/>
               <gmd:distributionOrderProcess>
                  <gmd:MD_StandardOrderProcess>
                     <gmd:fees>
                        <gco:CharacterString xmlns:gco="http://www.isotc211.org/2005/gco">None</gco:CharacterString>
                     </gmd:fees>
                  </gmd:MD_StandardOrderProcess>
               </gmd:distributionOrderProcess>
            </gmd:MD_Distributor>
         </gmd:distributor>
         <gmd:transferOptions>
            <gmd:MD_DigitalTransferOptions>
               <gmd:onLine xmlns:xlink="http://www.w3.org/1999/xlink" xlink:role="urn:xml:lang:eng-CAN"
                           xlink:title="tor1">
                  <gmd:CI_OnlineResource>
                     <gmd:linkage>
                        <gmd:URL/>
                     </gmd:linkage>
                     <gmd:protocol xmlns:gco="http://www.isotc211.org/2005/gco" gco:nilReason="missing">
                        <gco:CharacterString/>
                     </gmd:protocol>
                     <gmd:name xmlns:gco="http://www.isotc211.org/2005/gco" gco:nilReason="missing">
                        <gco:CharacterString/>
                     </gmd:name>
                     <gmd:description xmlns:gco="http://www.isotc211.org/2005/gco" gco:nilReason="missing">
                        <gco:CharacterString/>
                     </gmd:description>
                  </gmd:CI_OnlineResource>
               </gmd:onLine>
               <gmd:onLine xmlns:xlink="http://www.w3.org/1999/xlink" xlink:role="urn:xml:lang:fra-CAN"
                           xlink:title="tor1">
                  <gmd:CI_OnlineResource>
                     <gmd:linkage>
                        <gmd:URL/>
                     </gmd:linkage>
                     <gmd:protocol xmlns:gco="http://www.isotc211.org/2005/gco" gco:nilReason="missing">
                        <gco:CharacterString/>
                     </gmd:protocol>
                     <gmd:name xmlns:gco="http://www.isotc211.org/2005/gco" gco:nilReason="missing">
                        <gco:CharacterString/>
                     </gmd:name>
                     <gmd:description xmlns:gco="http://www.isotc211.org/2005/gco" gco:nilReason="missing">
                        <gco:CharacterString/>
                     </gmd:description>
                  </gmd:CI_OnlineResource>
               </gmd:onLine>
               <gmd:onLine xmlns:xlink="http://www.w3.org/1999/xlink" xlink:role="urn:xml:lang:eng-CAN"
                           xlink:title="tor12">
                  <gmd:CI_OnlineResource>
                     <gmd:linkage xmlns:gco="http://www.isotc211.org/2005/gco">
                        <gmd:URL>http://ec.geocat.net/geonetwork/srv/en/resources.get?id=1287&amp;fname=CESI2011_ghg_emissions.zip&amp;access=private</gmd:URL>
                     </gmd:linkage>
                     <gmd:protocol>
                        <gco:CharacterString xmlns:gco="http://www.isotc211.org/2005/gco">WWW:DOWNLOAD-1.0-http--download</gco:CharacterString>
                     </gmd:protocol>
                     <gmd:name xmlns:gco="http://www.isotc211.org/2005/gco">
                        <gmx:MimeFileType type="application/x-compressed">shapefile</gmx:MimeFileType>
                     </gmd:name>
                     <gmd:description>
                        <gco:CharacterString xmlns:gco="http://www.isotc211.org/2005/gco"/>
                     </gmd:description>
                  </gmd:CI_OnlineResource>
               </gmd:onLine>
               <gmd:onLine xmlns:xlink="http://www.w3.org/1999/xlink" xlink:role="urn:xml:lang:fra-CAN"
                           xlink:title="tor12">
                  <gmd:CI_OnlineResource>
                     <gmd:linkage xmlns:gco="http://www.isotc211.org/2005/gco">
                        <gmd:URL>http://ec.geocat.net/geonetwork/srv/en/resources.get?id=1287&amp;fname=CESI2011_ghg_emissions.zip&amp;access=private</gmd:URL>
                     </gmd:linkage>
                     <gmd:protocol>
                        <gco:CharacterString xmlns:gco="http://www.isotc211.org/2005/gco">WWW:DOWNLOAD-1.0-http--download</gco:CharacterString>
                     </gmd:protocol>
                     <gmd:name xmlns:gco="http://www.isotc211.org/2005/gco">
                        <gmx:MimeFileType type="application/x-compressed">shapefile</gmx:MimeFileType>
                     </gmd:name>
                     <gmd:description>
                        <gco:CharacterString xmlns:gco="http://www.isotc211.org/2005/gco"/>
                     </gmd:description>
                  </gmd:CI_OnlineResource>
               </gmd:onLine>
            </gmd:MD_DigitalTransferOptions>
         </gmd:transferOptions>
      </gmd:MD_Distribution>
  </gmd:distributionInfo>
</gmd:MD_Metadata>